{
    "Records": [
        {
            "kinesis": {
                "kinesisSchemaVersion": "1.0",
                "partitionKey": "936",
                "sequenceNumber": "49567125646189070134813592565150744393881093808953753602",
                "data": "W3sicG9ydHJhaXQtdXJsIjoiaHR0cHM6Ly9hdmF0YXJzLmdpdGh1YnVzZXJjb250ZW50LmNvbS91LzE3ODAzNTg/dj0zIiwidXNlci1uYW1lIjoieWVlaGFhIn1d",
                "approximateArrivalTimestamp": 1477952169.015
            },
            "eventSource": "aws:kinesis",
            "eventVersion": "1.0",
            "eventID": "shardId-000000000000:49567125646189070134813592565150744393881093808953753602",
            "eventName": "aws:kinesis:record",
            "invokeIdentityArn": "arn:aws:iam::774182433398:role/offcourse-backend-dev-IamRoleLambdaExecution-1WOX9QS2VRQNM",
            "awsRegion": "us-east-1",
            "eventSourceARN": "arn:aws:kinesis:us-east-1:774182433398:stream/raw-portraits-dev"
        }
    ]
}
