{
    "Records": [
        {
            "kinesis": {
                "kinesisSchemaVersion": "1.0",
                "partitionKey": "22",
                "sequenceNumber": "49567555534621360862632502643391338597331813048195743746",
                "data": "eyJuYW1lIjoiYmFzaWN3ZWJkZXZfMyIsIm93bmVyIjoib2ZmY291cnNlIiwic2hhIjoiN2UyZTUzNjBhZDg4NWRiYWQ2YzIyNTFhZTIxNmYxNDlhYWE3MmQ1NCIsInVzZXItbmFtZSI6InllZWhhYSJ9",
                "approximateArrivalTimestamp": 1480633476.323
            },
            "eventSource": "aws:kinesis",
            "eventVersion": "1.0",
            "eventID": "shardId-000000000000:49567555534621360862632502643391338597331813048195743746",
            "eventName": "aws:kinesis:record",
            "invokeIdentityArn": "arn:aws:iam::774182433398:role/offcourse-dev-IamRoleLambdaExecution-1USS5FMBD7XZA",
            "awsRegion": "us-east-1",
            "eventSourceARN": "arn:aws:kinesis:us-east-1:774182433398:stream/raw-github-repos-dev"
        }
    ]
}
