{
  "Records": [
    {
      "eventVersion": "2.0",
      "eventSource": "aws:s3",
      "awsRegion": "us-east-1",
      "eventTime": "2016-12-01T22:55:16.526Z",
      "eventName": "ObjectCreated:Put",
      "userIdentity": {
        "principalId": "AWS:AROAJDRJLTMKHRIKNK36G:offcourse-dev-command"
      },
      "requestParameters": {
        "sourceIPAddress": "54.87.181.213"
      },
      "responseElements": {
        "x-amz-request-id": "BA49294B7A912177",
        "x-amz-id-2": "d13kZej6cwAnS229gbmmt7t6Q4LHOE9Q8Kau0sg0Ndc6+xfRnA1P1YuJyX7mkuO0oIQYW8h8dSc="
      },
      "s3": {
        "s3SchemaVersion": "1.0",
        "configurationId": "aba72610-5b65-4e0c-b22d-99e3a319099c",
        "bucket": {
          "name": "offcourse-raw-courses-dev",
          "ownerIdentity": {
            "principalId": "A2G8O26WW05BHB"
          },
          "arn": "arn:aws:s3:::offcourse-raw-courses-dev"
        },
        "object": {
          "key": "1480632916122",
          "size": 346,
          "eTag": "2e4cb71102200f377d1eeb4f450b8045",
          "sequencer": "005840AA542FC33A46"
        }
      }
    }
  ]
}
