{
    "Records": [
        {
            "eventVersion": "2.0",
            "eventSource": "aws:s3",
            "awsRegion": "us-east-1",
            "eventTime": "2016-12-01T23:00:12.893Z",
            "eventName": "ObjectCreated:Put",
            "userIdentity": {
                "principalId": "AWS:AROAJDRJLTMKHRIKNK36G:offcourse-dev-download"
            },
            "requestParameters": {
                "sourceIPAddress": "174.129.79.146"
            },
            "responseElements": {
                "x-amz-request-id": "23B7838DB83C9F8B",
                "x-amz-id-2": "46SGUofdz9qajGtSE4+x+6sMm4+QyPAqE2NUjzbuppAzCAZNiBUr/Ttod8g6WFvGnl1GgTSz2+U="
            },
            "s3": {
                "s3SchemaVersion": "1.0",
                "configurationId": "304b4c64-dec9-4cbd-a3b9-df6d874b8b14",
                "bucket": {
                    "name": "offcourse-resources-dev",
                    "ownerIdentity": {
                        "principalId": "A2G8O26WW05BHB"
                    },
                    "arn": "arn:aws:s3:::offcourse-resources-dev"
                },
                "object": {
                    "key": "http---offcourse.io-/embedly",
                    "size": 1655,
                    "eTag": "23d3e4c0ae862e26247924a8725f445e",
                    "sequencer": "005840AB7CBBA8B27E"
                }
            }
        }
    ]
}
