{
    "Records": [
        {
            "eventVersion": "2.0",
            "eventSource": "aws:s3",
            "awsRegion": "us-east-1",
            "eventTime": "2016-12-01T23:21:24.563Z",
            "eventName": "ObjectCreated:Put",
            "userIdentity": {
                "principalId": "AWS:AROAJDRJLTMKHRIKNK36G:offcourse-dev-download"
            },
            "requestParameters": {
                "sourceIPAddress": "54.196.114.0"
            },
            "responseElements": {
                "x-amz-request-id": "E2529DB64B3EBC24",
                "x-amz-id-2": "EkwF4Uip8yD+VfLtsSYoKanEcVFiFCjvVYbb3Ck0UxzzXIOLDEZJpg7G9qyEQBdN"
            },
            "s3": {
                "s3SchemaVersion": "1.0",
                "configurationId": "1fde1f23-dc35-4106-8e05-a8787d09390d",
                "bucket": {
                    "name": "offcourse-github-repos-dev",
                    "ownerIdentity": {
                        "principalId": "A2G8O26WW05BHB"
                    },
                    "arn": "arn:aws:s3:::offcourse-github-repos-dev"
                },
                "object": {
                    "key": "yeehaa/7e2e5360ad885dbad6c2251ae216f149aaa72d54",
                    "size": 2144,
                    "eTag": "dfb0190103cfbb6703fa00a2ffeb697f",
                    "sequencer": "005840B0747A8CEF6A"
                }
            }
        }
    ]
}
