{
    "Records": [
        {
            "eventVersion": "2.0",
            "eventSource": "aws:s3",
            "awsRegion": "us-east-1",
            "eventTime": "2016-12-01T23:02:12.062Z",
            "eventName": "ObjectCreated:Put",
            "userIdentity": {
                "principalId": "AWS:AIDAJJCLJJMUWGT2E435Y"
            },
            "requestParameters": {
                "sourceIPAddress": "95.97.17.4"
            },
            "responseElements": {
                "x-amz-request-id": "3FC54A7B3AC4701D",
                "x-amz-id-2": "cZNfGP3+pzXQfzaOTvjxQhSwt3Uuv13P2r+utwgAbhPCQgO16YuzzFj/Xo1fpRhCUkDf1S2JpME="
            },
            "s3": {
                "s3SchemaVersion": "1.0",
                "configurationId": "3a27c90a-c19c-470c-b948-7d33bff5122f",
                "bucket": {
                    "name": "offcourse-raw-users-dev",
                    "ownerIdentity": {
                        "principalId": "A2G8O26WW05BHB"
                    },
                    "arn": "arn:aws:s3:::offcourse-raw-users-dev"
                },
                "object": {
                    "key": "yeehaa",
                    "size": 438,
                    "eTag": "82e2cf143fb05d1f1ea73d1df0efda33",
                    "sequencer": "005840ABF402DDDA6C"
                }
            }
        }
    ]
}
